,age,skill,height,salary
0,28,0.7301831291848446,1.61,785.6380844062566
1,27,0.7278683945820001,1.65,730.6363775197483
2,21,0.3897660806134917,1.73,442.06224249899435
3,56,0.3000384298541518,1.62,3136.907513505304
4,49,0.3998350188498598,1.9,2402.0640353077056
5,37,0.5027723029356732,1.73,1370.254353076942
6,23,0.41149538379918504,1.57,530.0928389540263
7,25,0.5486964192714973,1.7,626.3327839127616
8,22,0.659040969978675,1.57,485.51366645053145
9,28,0.3608874210380911,1.7,785.0135086157647
10,44,0.33806139713107086,1.72,1936.9745444071186
11,38,0.6962338668126619,1.68,1445.5834376055773
12,23,-0.12366537901529429,1.57,529.1830656572416
13,51,0.6101433319865588,1.91,2602.419986971122
14,34,0.7646388260838064,1.87,1157.6884914487305
15,26,0.7241902198657442,1.59,677.6263125380241
16,28,0.836547866604882,1.95,785.7978965983538
17,29,1.2010854373106916,1.98,843.4116830493323
18,55,0.4436607297623427,1.75,3026.1532244895548
19,23,1.0526812123986908,1.66,531.1889185728048
20,31,0.7190487680229496,1.96,962.596236606646
21,38,0.17285745939451963,1.63,1444.6919024751369
22,51,0.5498114930874322,1.56,2602.3269158707294
23,45,0.6718262803355093,1.88,2026.529352379337
24,34,0.5637127433924137,1.57,1157.3516084653347
25,45,0.19148980025097195,1.87,2025.7141381048148
26,37,0.7585394959413223,1.56,1370.6817534755812
27,34,0.6324442290812007,1.84,1157.467391521919
28,24,0.4593927740971721,1.64,577.1795303048576
29,50,0.9240572888658307,1.96,2501.944751092079
30,33,0.05938822931228033,1.62,1089.4984081643827
31,55,0.5357351482883329,1.61,3026.307522838732
32,52,0.42499231430198997,1.64,2705.121049523206
33,33,0.504701751964121,1.64,1090.2565555672315
34,59,0.6542079550596734,1.63,3482.510198317768
35,31,0.7536691540879599,1.91,962.6639808686942
36,44,0.02692348054782312,1.93,1936.4251598590215
37,27,-0.7843209033115532,1.63,728.0646992585367
38,56,0.643003738812182,1.79,3137.4898794426226
39,46,0.649686011814743,1.57,2117.497763021653
40,50,0.7832802066492233,1.97,2501.7034538692064
41,48,0.44168525417781807,1.61,2305.147638018744
42,59,0.8454586714011467,1.57,3482.83057654295
43,34,0.6469836521742077,1.57,1157.4931690102637
44,49,0.654902395666217,1.54,2402.503224033273
45,58,0.4447429231629372,1.72,3365.1559030013727
46,24,0.7529071972199572,1.79,577.6767153219162
47,24,0.3785719347069385,1.81,577.0387614532541
48,52,0.09834014277609388,1.98,2704.537016048623
49,46,0.42162805545772514,1.79,2117.11354078092
50,46,0.3697281420498757,1.51,2117.014355375196
51,30,0.3241197460632257,1.73,900.9506437302589
52,52,0.34532975647405684,1.95,2704.962825811131
53,31,0.12042395008415213,1.59,961.5999098793953
54,32,0.6079318756707557,1.87,1025.4220896330285
55,33,0.5799974654172761,1.94,1090.3636066843765
56,21,0.24598124993356973,1.88,441.8054158276537
57,28,0.08530471831842235,1.91,784.5277613278861
58,63,0.4141649038839865,1.68,3970.103920368598
59,51,0.29304965159384266,1.65,2601.8971856566686
60,43,0.5002095067145572,1.81,1850.245545325667
61,61,0.5657756937997114,1.89,3722.3476362131705
62,26,0.5132700260540893,1.98,677.2423968501961
63,44,0.5544742158012566,1.9,1937.326921942523
64,27,0.5528279237630811,2.0,730.3053799445057
65,51,0.7914653208176667,1.85,2602.7365915402675
66,55,0.23282782111172512,1.7,3025.79580729589
67,54,0.9129675416396803,1.64,2917.95060740968
68,60,0.6750197969259493,1.53,3601.5361390991625
69,21,0.5933077676266401,1.99,442.3763589319919
70,44,-0.24405015667364227,1.79,1935.981887820297
71,49,0.24728318361798562,1.9,2401.8046971878116
72,24,0.5099043141688459,1.65,577.2658385830459
73,33,0.21630798062801987,1.81,1089.76291273132
74,46,0.4563805046949195,1.87,2117.1644523023697
75,49,0.4819984268541409,1.63,2402.2174421198183
76,47,0.31411353185363444,1.84,2209.9262293366323
77,54,0.37937635112424534,1.98,2917.0147776028152
78,59,0.4767756922716391,1.5,3482.1948344525226
79,53,0.7628576201332538,1.55,2810.687958449104
80,48,0.5676787968288955,1.82,2305.3593352282583
81,42,0.5256368017899544,1.65,1765.2925838120018
82,24,0.8923657420026283,1.73,577.916661923356
83,41,0.6787752352685097,1.78,1682.5513660745082
84,43,0.7363209514151619,1.51,1850.6375631511164
85,51,0.49542402772100425,1.53,2602.230826291514
86,23,0.6178442120981442,1.67,530.4499753225183
87,65,0.32915579369591375,1.9,4225.943880624944
88,24,0.3535114730014157,1.54,576.9908594647432
89,26,1.1801012447100914,1.87,678.3947775603953
90,39,0.6478868487609508,1.7,1522.5014076428938
91,41,0.5236470029564089,1.65,1682.2892011539848
92,35,0.5000998942045007,1.69,1226.2501298221475
93,38,0.7912065857826609,1.74,1445.7444117075577
94,34,0.828865578514258,1.6,1157.805091416974
95,30,0.4836735021080692,1.93,901.2016348956739
96,30,0.606779974396243,1.64,901.4300885453661
97,22,0.7813843303943184,1.86,485.7182433223111
98,40,0.9063469752500712,1.85,1601.9318903528024
99,28,0.9283776608893025,1.93,785.9576319656021
100,41,0.45400708971078674,1.85,1682.1629125473855
101,20,0.5111082012376821,1.57,401.26218074367176
102,47,0.06373536449165018,1.8,2209.5043700531355
103,44,0.6379124539323651,1.54,1937.4743411323257
104,31,0.2922500307947901,1.96,961.8706787533581
105,43,0.6144703491965174,1.89,1850.4304171273448
106,20,0.29069314688728026,1.97,400.8660558676111
107,60,0.21096413823697374,1.84,3600.750875367484
108,20,0.670817200583345,1.53,401.5289946853798
109,20,0.19660479462254216,1.8,400.730248084358
110,28,0.3112636141900839,1.52,784.9163958468898
111,42,0.6658427827549125,1.52,1765.51918043345
112,63,0.40695065039809875,1.99,3970.0595518327036
113,54,0.9118187394355928,1.79,2917.9468649436826
114,60,0.42063976648614293,1.73,3601.114727764978
115,39,0.13550602639207016,1.6,1521.6263801783662
116,61,0.9407359687769159,1.77,3722.997295941087
117,29,0.8703846625796521,1.73,842.8792940883368
118,40,0.6384457049918355,1.92,1601.4664587424074
119,58,0.8826064599749868,1.97,3365.87230849986
120,40,0.0480573227402768,1.83,1600.474994250226
121,28,0.5464389271774892,1.89,785.3147637099124
122,25,0.6936018999201389,1.79,626.5758963165065
123,34,0.2680498148083956,1.85,1156.8467851800515
124,53,-0.05312902278269471,1.8,2809.305700594769
125,21,1.4227245402210733,1.91,443.8013750251206
126,50,0.8594340493869325,1.95,2501.836803109083
127,37,0.7288740881684764,1.6,1370.6351058833861
128,44,0.48983858141289455,1.94,1937.210336581569
129,40,0.9203716367251826,1.55,1601.95573227731
130,48,0.4341305530761601,1.87,2305.1266273846177
131,59,0.4823832021790574,1.63,3482.2180962378707
132,36,0.18977387068533624,1.68,1296.722455612161
133,32,-0.11654991572266127,1.8,1024.1978850767712
134,47,0.46336359615618844,1.61,2210.1844912001075
135,55,0.9997658022359521,1.65,3027.09860311276
136,56,0.9594809950292831,1.9,3138.0154334672106
137,29,1.27646983132485,1.69,843.5699587152521
138,36,0.24467777267728963,1.97,1296.7878297314542
139,41,0.08083272617626142,1.83,1681.5307124360672
140,48,0.35463453980528525,1.91,2304.9856220244137
141,54,0.5024565325893429,1.82,2917.248457379051
142,45,0.7635043505033552,1.64,2026.6965199847482
143,24,0.600617248542694,1.83,577.4143461240902
144,21,0.5640109746368852,1.75,442.3578199058417
145,54,0.6444844857728216,1.58,2917.489904899463
146,23,0.5192723076054299,1.81,530.2779520871816
147,31,0.6889874138836852,1.79,962.5680516902445
148,29,0.14164000469597804,1.66,841.6401485197102
149,33,0.7947124726736279,1.69,1090.750971205545
150,41,0.5051320093153284,1.55,1682.2498249107134
151,27,0.22438470726741383,1.89,729.7672715360653
152,22,0.5106438651160072,1.51,485.25391210440796
153,22,-0.700162069188748,1.96,483.1835781833861
154,20,1.0851360938637478,1.61,402.24150444621057
155,20,0.5477417910489452,1.95,401.3069262699086
156,51,0.8419306730443725,1.92,2602.8123831880966
157,35,-0.045123385800073246,1.81,1225.3184794083922
158,56,0.7899199043197581,1.57,3137.7361606389113
159,28,0.33151892198759325,1.97,784.9354596852817
160,56,0.33096315336575366,1.69,3136.9625973627217
161,41,0.5541995397727296,1.58,1682.3364204912627
162,25,0.549718831618246,1.98,626.3043598196551
163,62,0.5020001500023608,1.6,3845.249420188504
164,47,0.5965753369349963,1.66,2210.4135385845166
165,46,0.5686514847517719,1.8,2117.362727457578
166,24,0.20882797053235086,1.64,576.7535701387974
167,46,0.862623919103187,1.69,2117.8664206644753
168,26,0.6843473434741627,1.92,677.5444915278273
169,38,1.1563046046614756,1.86,1446.355607788565
170,28,0.502946586996047,1.51,785.240826731604
171,28,0.6389069839714115,1.9,785.4704576484124
172,33,0.5875645699212829,1.81,1090.3940489331185
173,58,0.3655673963749577,1.57,3365.014761375405
174,24,0.17505290473544466,1.67,576.6972301000017
175,46,0.8973436675218642,1.97,2117.89736175269
176,53,0.6816788453541358,1.97,2810.530731555005
177,57,0.2999056611152082,1.91,3249.892582930641
178,53,1.3396469660217933,1.88,2811.664647545004
179,38,0.5195685598750853,1.79,1445.28003963843
180,38,0.9649740713001019,1.79,1446.0372290078524
181,44,0.8524286002860519,1.65,1937.8481298694453
182,30,0.6690350385592795,1.59,901.5325487298031
183,46,0.671252627208581,1.91,2117.5238727729993
184,35,0.30706027678067915,1.63,1225.9200472646935
185,52,0.5028753519085174,1.7,2705.2548880982445
186,64,0.1864669019718137,2.0,4096.682566207461
187,31,0.16894584970779264,1.93,961.6665978865935
188,21,0.7450013138015305,1.6,442.6625221669622
189,47,0.459141229347296,1.77,2210.178584884057
190,47,0.19496415818204604,1.73,2209.731079230861
191,39,0.3345678737821989,1.58,1521.9630466590788
192,58,0.07485558432826184,1.53,3364.5158599377464
193,37,0.6494345948968383,1.55,1370.495139306202
194,54,0.9749982202368409,1.58,2918.0517782480515
195,40,0.1380204466631853,1.65,1600.6336360082864
196,24,0.46975226636193373,1.97,577.1704563707181
197,33,0.25862075789020844,1.67,1089.8392954503647
198,27,0.2916549167092254,1.68,729.8956533904014
199,62,-0.09335346813776513,1.93,3844.220689046256
200,65,0.4497525545867985,1.52,4226.151827045564
201,34,0.4480357039010277,1.9,1157.1459764722927
202,24,0.7238625382860612,1.98,577.6004041209904
203,63,0.7354216064386778,2.0,3970.615789205054
204,55,0.6441943060611767,1.69,3026.495090322304
205,62,0.3140086646395685,1.93,3844.9132046719774
206,32,0.34714218653981277,1.53,1024.9787471615057
207,31,0.41003808879287224,1.52,962.0843124537146
208,52,0.613910334729623,1.55,2705.4347480639176
209,43,0.30854437484341235,1.67,1849.924165599185
210,38,0.5553520410150493,1.68,1445.3439385017214
211,40,0.47853155104751055,1.62,1601.2109518113325
212,28,0.0018164499597788097,1.61,784.3998610515739
213,32,0.301082735141003,1.64,1024.9104032386322
214,37,0.5364076468960759,1.67,1370.3115331616746
215,65,0.6811915725985151,1.64,4226.5565882623105
216,53,0.8804813064073034,1.88,2810.884065923659
217,53,0.8305852306031783,1.51,2810.797812425736
218,55,0.4881505952114192,1.57,3026.223152813427
219,53,0.5523337706663406,1.66,2810.3383279218597
220,21,0.7939013577453484,1.53,442.7382377525552
221,49,-0.1438402279841875,1.59,2401.150660776679
222,53,0.1562229496673554,1.89,2809.6513965481454
223,61,0.7908180283642918,1.54,3722.73428060886
224,21,0.6192269153266314,1.95,442.4284509811807
225,47,0.39177220381429056,1.75,2210.065013995443
226,41,0.2843128547156085,1.74,1681.8826923647437
227,30,0.6785773741137251,1.91,901.536324842738
228,34,0.8671795428341825,1.69,1157.874165224818
229,21,0.7539723818956763,1.57,442.67504985079034
230,23,0.5271158038189732,1.69,530.2960568684922
231,20,0.4315403580643853,1.58,401.1278998823584
232,42,0.9308666692242076,1.69,1765.9824333396812
233,50,1.0874004245199962,1.63,2502.24662551585
234,60,0.6157164095839661,1.98,3601.4165557021965
235,23,0.6328123898899923,1.76,530.4743436517055
236,47,0.47724383861627323,1.52,2210.198562228414
237,57,0.7191510238499349,1.9,3250.606872516206
238,59,-0.16095077949340386,1.51,3481.112201208572
239,27,0.4393997082642714,1.98,730.1168173099534
240,54,0.12035539012022417,1.68,2916.6044441952
241,22,1.0049279369268842,1.81,486.103566657028
242,24,0.6437543081438734,1.57,577.4876791254122
243,27,0.6944238047590013,1.65,730.5795217170493
244,39,0.35325675819095304,1.91,1521.9832797956694
245,39,0.299232058294012,1.98,1521.878532305004
246,47,0.34776470167854157,1.67,2209.990840154805
247,48,0.3236373392163448,1.58,2304.944464750317
248,37,0.6616964384295569,1.75,1370.5238851942893
249,65,0.7854712425238795,1.77,4226.7333459064575
250,40,0.8803086845890022,1.9,1601.8808405394623
251,25,0.8315336058091393,1.55,626.804707624753
252,52,0.7394889184230261,1.53,2705.6457366057075
253,65,0.2314793574422075,1.62,4225.790963082203
254,39,0.4597419148789724,1.73,1522.1812014172456
255,29,0.6314145726152542,1.76,842.4719673623384
256,29,0.22730674348595198,1.6,841.7824413974258
257,42,0.7980853690247827,1.88,1765.7439928301087
258,45,0.6157393959722884,1.51,2026.4325745068636
259,51,0.652030379838299,1.62,2602.5058998202767
260,54,0.3947584591358957,1.74,2917.0704498922582
261,31,0.5266948548577913,1.94,962.2729922464254
262,48,0.3925550178841323,1.6,2305.0633634639025
263,30,0.3663689462532683,1.61,901.0196002952729
264,40,1.0252572430706348,1.8,1602.1389572467199
265,53,0.19424539934781004,1.74,2809.7295776906185
266,32,0.3965919487002915,1.71,1025.0741663147905
267,54,0.6502291144146038,1.91,2917.48813280125
268,43,0.27341936952083334,1.83,1849.858109729753
269,37,0.6356450029024322,1.95,1370.4563617300596
270,31,1.120234588741777,1.64,963.3029613897535
271,54,0.32932357906086707,1.7,2916.9598500844036
272,59,0.11164706049879775,1.79,3481.58657308949
273,49,0.6238115574666017,1.94,2402.4380906408605
274,50,1.0571109909527578,1.65,2502.1960899335786
275,62,0.27022853538543534,1.81,3844.8545776744077
276,44,0.7800635941562843,1.58,1937.7203893837147
277,42,0.7461865157937725,1.59,1765.6637062411016
278,54,0.5745921415692369,1.87,2917.365412085056
279,45,0.5678636145932129,1.6,2026.3613880783082
280,20,0.41727747277677535,1.93,401.0887616458108
281,34,0.566575235359103,1.56,1157.3554142325913
282,52,1.0798321814903074,1.88,2706.2229624113
283,65,0.4157743465804157,1.52,4226.0940640919525
284,62,0.28252483522394856,1.59,3844.875481384133
285,63,0.5457330349207197,1.88,3970.314993862132
286,52,0.15121414072060507,1.51,2704.642881572936
287,63,0.7817036806968187,1.62,3970.7263444317364
288,32,0.6683918742248232,2.0,1025.5018386602908
289,35,0.19812590231445343,1.74,1225.7361745456617
290,34,0.5741571377081041,1.83,1157.3693639356713
291,51,0.17859069713665338,1.9,2601.6879199607934
292,21,0.4380012120223045,1.85,442.1357025553152
293,49,0.446158778225327,1.76,2402.157032511875
294,37,-0.01248108999167108,1.96,1369.3526358480212
295,53,0.7762579947833288,1.62,2810.7170867656832
296,56,0.14786700489350363,1.87,3136.639979352707
297,42,0.3551986300357257,1.53,1764.9924431154489
298,26,0.9832339169766755,1.75,678.0704989078193
299,47,0.5197008683964162,1.68,2210.2833315082694
300,29,0.29849195781475113,1.9,841.891752103946
301,20,1.0210184168961582,1.79,402.1325043953657
302,65,0.1551738314140284,1.67,4225.663435675356
303,43,0.3985038198954836,1.92,1850.0585575377436
304,37,0.9827018781849143,1.61,1371.0673662795566
305,44,0.4398557062688513,1.85,1937.1388551955342
306,24,0.25008160308504085,2.0,576.790711199353
307,54,0.715763552166383,1.94,2917.5944090318503
308,55,0.32991638776619203,1.88,3025.948105561969
309,50,0.7128520831855217,1.73,2501.611488703367
310,55,0.600913510716658,1.96,3026.3954066692254
311,51,0.8202929049156441,1.64,2602.7930605272486
312,31,0.8744766430782438,1.98,962.8564480991372
313,43,0.3447035126701984,1.79,1849.9827690581817
314,53,0.8204602944624589,1.75,2810.793783749545
315,61,0.38267052249179473,1.88,3722.0377875910026
316,21,0.7951431899672525,1.75,442.7507446719033
317,65,1.0511519808197485,1.76,4227.185520956286
318,23,0.6793224492334913,1.85,530.5459486585743
319,60,0.2809156961520056,1.9,3600.8618724591192
320,42,0.6761718772394085,1.69,1765.549452193307
321,61,0.5737181341465689,1.64,3722.373883416941
322,56,0.2429286849454173,1.59,3136.8081679286597
323,21,0.7555374450439098,1.8,442.6804335900743
324,24,0.12732058843008937,1.56,576.6086813328121
325,56,0.1031048365121745,1.78,3136.5727263966223
326,20,0.4793800290141328,1.97,401.1868235672268
327,58,0.008197476449661123,2.0,3364.3795081840726
328,35,0.7630110642130867,1.9,1226.6814345848231
329,45,0.4151500403037949,1.69,2026.1057150705165
330,40,0.5126704380391585,1.86,1601.2614297053071
331,61,0.0577627445286667,1.73,3721.49783682765
332,49,0.45639482396260517,1.93,2402.1552611428265
333,51,0.5462013649844568,1.83,2602.3218391220416
334,23,0.49507693716353823,1.77,530.2396755873444
335,60,1.044860443304855,1.55,3602.1673632484953
336,65,0.7442857277533781,1.88,4226.652533439947
337,22,0.5202454695170394,1.86,485.2743072588197
338,22,0.7002704348634482,1.55,485.5815602341452
339,39,0.7919165803590531,1.66,1522.7456186983375
340,29,0.7347398342804478,1.95,842.6248229434021
341,29,0.15645250864132704,1.87,841.6545747090784
342,32,0.9670436594163818,1.72,1026.0438142530036
343,20,0.17416712306939292,1.96,400.66993781022495
344,43,0.2853252791322256,1.58,1849.8793342481738
345,37,0.7611927879944195,1.73,1370.6936679015419
346,23,0.5958696727856776,1.67,530.412618605687
347,53,0.40125461221016007,1.51,2810.067950374468
348,44,0.3281803874228949,1.61,1936.9546797452613
349,30,0.2150851135535038,2.0,900.7312171671495
350,30,0.6558339054050464,1.6,901.5109375726882
351,53,1.0003724939040501,1.98,2811.0704710455407
352,62,0.452443617196004,1.93,3845.1485440913234
353,65,0.7665355244699275,1.72,4226.702950423595
354,29,0.5125118433988807,1.65,842.2702713827371
355,55,0.7252762247064679,1.98,3026.6028073879047
356,35,0.6962094397960488,1.61,1226.5803291342957
357,60,0.4413768031916816,1.74,3601.149701077153
358,45,0.666492019732168,1.51,2026.5188539672554
359,42,0.4695708397133823,1.66,1765.1976309392398
360,60,0.3139718927655059,1.64,3600.9323148065937
361,28,0.7574451995014605,1.76,785.686219428045
362,55,0.28219346458074035,1.56,3025.871965222268
363,25,0.6799062258176309,1.75,626.5548418328489
364,36,1.0151869198740004,1.81,1298.121006928038
365,30,0.8530376000570324,1.91,901.8329072268417
366,42,0.3781880161172022,1.65,1765.0419208763583
367,52,1.0781010639100357,1.89,2706.218589342358
368,59,0.3591967202741462,1.67,3482.0102745864174
369,31,0.3585530382356838,1.75,962.0085414139596
370,35,0.7021469971845401,1.85,1226.584750390091
371,35,1.03593158888998,1.94,1227.13869469428
372,24,0.7890786896640278,1.8,577.7374537059286
373,31,0.6391763061014964,1.99,962.4543354473991
374,55,1.1090374661533615,1.89,3027.2711812261714
375,28,0.436282254190302,1.97,785.1135573500263
376,39,0.41229399939805783,1.61,1522.097672885619
377,50,0.754563237257536,1.71,2501.6827175053377
378,30,0.7919683358791887,1.9,901.7306619466556
379,50,0.22842350823428453,1.51,2500.774137497709
380,34,0.8813940403444553,1.74,1157.8977303803126
381,20,0.1901862138818693,1.71,400.7232765655991
382,63,-0.18396248066293475,1.77,3969.085308577039
383,50,0.4957112635816222,1.59,2501.2378983123413
384,20,0.2734486879238832,1.78,400.8623109440222
385,46,0.7211690033824266,1.53,2117.6145927501384
386,46,0.8379364445948162,1.73,2117.824132117763
387,29,0.39276332088735055,1.57,842.0609944470762
388,60,0.7971015476152603,2.0,3601.7206451050542
389,39,0.9888583443714074,1.66,1523.0804196971585
390,28,-0.23263654022190516,1.53,783.9931233260108
391,23,0.8431920955183614,1.99,530.8011622894078
392,56,0.13769539483475507,1.9,3136.61839794688
393,63,1.3815027102767954,1.89,3971.7343721411817
394,63,1.2429117437227015,1.87,3971.5015554087167
395,32,0.482778679391682,1.86,1025.2106137156065
396,33,0.5452649930857046,1.87,1090.3155559326337
397,34,0.43372959022640534,1.66,1157.136700815112
398,39,0.6118389572928149,1.89,1522.4259437611086
399,38,0.3657330215886721,1.59,1445.016935300953
400,36,0.3082670789549546,1.66,1296.9234145459504
401,51,0.07181224759028937,1.59,2601.517269985156
402,57,0.48154358433886807,1.55,3250.2097245882533
403,44,0.19703866112337876,1.64,1936.7335283128023
404,48,0.5915299104339974,1.86,2305.3954908083783
405,60,-0.12480006451909786,1.59,3600.18302905457
406,47,0.7952997554657979,1.58,2210.746290857941
407,26,0.801933895615307,1.56,677.755523955027
408,65,0.3874456011031898,1.72,4226.058497553871
409,57,0.4997590665140811,1.73,3250.2492305750256
410,65,1.2359254079336395,1.9,4227.4853889691485
411,30,0.28003255855604214,1.82,900.8703366231942
412,31,0.3688001144656906,1.54,962.0168501552324
413,62,0.29727462217434997,1.79,3844.9021399443386
414,28,0.7101061036566216,1.96,785.5810340772232
415,41,0.5127623303756282,1.6,1682.2677158951383
416,39,0.7529790564228653,1.69,1522.6800243979187
417,30,0.5415166505873609,1.98,901.2904161119027
418,65,0.24265048771658188,1.65,4225.811507078078
419,25,0.2746722811832326,1.63,625.8649876721779
420,34,0.34613990062867495,1.53,1156.977043275457
421,56,0.6365038658857527,1.91,3137.464799878751
422,47,0.4148771866236292,1.87,2210.0938966616486
423,40,0.31237613386102286,1.78,1600.9284876021154
424,48,0.7146128436238085,1.64,2305.6134044230525
425,43,0.8439748259243035,1.85,1850.8258576989485
426,24,-0.028899118810181257,1.77,576.3489162921891
427,48,0.9052615188627496,1.65,2305.9379458310254
428,41,0.4434643306659386,1.88,1682.1411370648987
429,24,0.2267641429928563,1.66,576.784859554815
430,39,0.30190614789069553,1.64,1521.9118030403067
431,30,-0.028108822045782578,1.83,900.3455118040898
432,64,0.1717711867089886,1.64,4096.690573606298
433,27,0.414546683664208,1.57,730.0980261637968
434,36,0.7095148112878049,1.64,1297.6047377680818
435,33,0.783688548877528,1.93,1090.711660475182
436,65,0.2617717436167808,1.96,4225.8188656651555
437,24,0.5537919733391824,1.87,577.3300517990647
438,58,0.8963762684561384,1.69,3365.923799658375
439,28,-0.13974872493478652,1.54,784.1523171282516
440,24,0.8523537242633157,1.93,577.8283912733378
441,36,0.6929686515214084,1.91,1297.5607900143311
442,44,0.8185419137703394,1.89,1937.7773387871202
443,28,0.3028114435892957,1.9,784.8990952297628
444,35,0.4600642947421323,1.62,1226.1795574756134
445,63,0.6203404770838347,1.66,3970.4539393227697
446,56,0.738262333732338,1.68,3137.6548859993404
447,63,0.6246314417719397,1.59,3970.4570626152645
448,54,0.32728556666150843,1.51,2916.9422029970356
449,28,0.28199183305735614,1.74,784.8787466279246
450,29,0.8606470444594387,1.87,842.8517054199691
451,27,0.2515821086083746,1.8,729.8237095181339
452,34,0.4772230493564528,1.65,1157.210280432865
453,49,0.5930290687982985,1.84,2402.400385749438
454,42,-0.0420781450645481,1.81,1764.3236563176426
455,59,1.4994114460349213,1.96,3483.9228531592667
456,24,0.22963654418709478,1.95,576.7661473502435
457,55,0.18497365260887777,1.97,3025.6863327273377
458,48,0.6136397860768328,1.81,2305.438376800583
459,48,0.125275020300658,1.84,2304.6052038669923
460,40,0.8964300446205087,1.52,1601.9111787786214
461,33,0.8791243594136405,1.97,1090.866388928906
462,39,0.6985957824997842,1.61,1522.584385916892
463,43,0.7050898364420094,1.58,1850.5929339956006
464,34,0.6656329991560387,1.98,1157.5014139044695
465,51,0.5586012095916494,1.71,2602.3495820583057
466,32,0.5767861796686606,1.85,1025.371637000314
467,53,0.3410570528576091,1.53,2809.9684024342464
468,57,0.30416599590693294,1.8,3249.9131021265416
469,51,0.8253374837776482,1.79,2602.799846809064
470,32,0.18134809881558206,1.65,1024.7072930169454
471,57,0.3614987811690318,1.9,3249.998863703648
472,41,0.35464250568816547,1.85,1681.9939927545472
473,45,0.8847402391552096,1.96,2026.8779121075709
474,21,0.48791249916089874,1.52,442.21669895134016
475,26,0.6742661677072087,1.6,677.542272418602
476,33,0.7666815122735554,1.78,1090.700806745417
477,31,0.49283599175942405,1.99,962.2055569130176
478,62,0.38045164665958986,1.66,3845.0461283110485
479,44,0.6671455209203059,1.83,1937.5274441871322
480,21,0.8134947374678867,1.82,442.77722232734436
481,57,0.38974575538725353,1.77,3250.0606125783247
482,29,0.7258348107261599,1.7,842.6339191782345
483,50,0.3109760032635809,1.61,2500.92543229219
484,28,0.6633304778480937,1.64,785.5262244012342
485,61,0.12242177070462096,1.75,3721.607118259157
486,30,0.15313626107495648,1.74,900.6596921555545
487,35,0.517240563988352,1.98,1226.2491467646844
488,58,0.47869199184490707,1.52,3365.201024088903
489,59,0.8755328472380801,1.86,3482.8782958009456
490,55,0.4119016409182031,1.69,3026.100192791561
491,28,0.6670780561187208,1.66,785.5333932071289
492,20,0.638623410708371,1.7,401.4856597982042
493,46,0.33642860313255396,1.55,2116.9630291202025
494,35,0.42162906521354243,1.85,1226.1078699057402
495,32,0.5358157624973975,1.68,1025.3107268282415
496,48,0.22963104184066574,1.71,2304.7903327731287
497,38,-0.04265496202420538,1.84,1444.3197228970398
498,35,0.9385702504195383,1.56,1226.987805758194
499,26,0.6553181075676436,1.96,677.487894483872
500,21,0.7325880535539238,1.74,442.6447602027687
501,28,8.30875383747709e-05,1.96,784.3739949498222
502,28,0.03037843657126571,1.96,784.4254970431781
503,56,0.43409531177496063,1.68,3137.137802062013
504,48,0.36012185523769746,1.78,2305.0096553284557
505,42,0.7558036413084237,1.79,1765.6816392768667
506,46,0.4380976738869325,1.72,2117.1446060776034
507,62,0.5880987110246796,1.77,3845.3978126029083
508,28,0.15455687807704688,1.58,784.6570279663799
509,48,0.40678054880648695,1.84,2305.083763265452
510,26,0.1911709494016019,1.63,676.7230354081491
511,56,0.5674463347417782,1.89,3137.3504763027718
512,57,0.46915266070704226,1.74,3250.196920034929
513,41,0.059640949930643894,1.63,1681.4994344090483
514,39,0.19786098900688637,1.86,1521.7262536419523
515,45,0.6838223378979534,1.69,2026.5624579764265
516,30,0.5179311908749737,1.79,901.2772561111298
517,29,0.5583016726471044,1.83,842.3424096450677
518,48,0.583167439390356,1.85,2305.382485141841
519,42,0.24230243645508476,1.76,1764.8104767308662
520,35,0.5701100240960542,1.9,1226.3535028166243
521,25,1.0047873870248671,1.81,627.1033277221945
522,46,0.6857323313294515,1.86,2117.555634923901
523,63,0.7745019564449378,1.57,3970.7099501275243
524,49,0.2809754043983608,1.51,2401.863475721188
525,21,0.6918450235117143,1.74,442.5754970516969
526,42,0.661810907356619,1.55,1765.5161790373836
527,26,0.407564633743551,1.63,677.0909046715304
528,34,0.5371559668084303,1.53,1157.3017705879624
529,38,0.6732786383814789,1.61,1445.5413467718909
530,26,0.4323271073467277,1.96,677.1088097834964
531,37,0.14097546892174118,1.73,1369.6392984591182
532,35,0.3462493730233588,1.71,1225.9885839361395
533,41,0.5737980124662351,1.92,1682.3565576651138
534,65,-0.2132546221073005,1.75,4225.036468391377
535,35,0.38850819911376233,1.7,1226.0604639384935
536,35,0.3020626625707331,1.59,1225.9086956906226
537,35,0.23251671849426087,1.58,1225.7895596950893
538,27,0.3712921205309605,1.93,730.0105865469928
539,20,0.5657616924281912,1.52,401.34904257989456
540,54,0.3381358902153696,1.96,2916.9486847143735
541,52,0.5144959802504026,1.66,2705.274003678153
542,29,0.5198102603147161,1.69,842.283637444535
543,63,0.1584134148775691,1.96,3969.643156506299
544,44,-0.16101860029634574,1.54,1936.1161583401367
545,27,0.5085361406346053,1.74,730.2638719508059
546,30,0.6714653868831233,1.97,901.5133686756042
547,47,0.6353490233210386,1.64,2210.478655928538
548,42,0.5026426309914707,1.69,1765.2544524746854
549,63,0.24636067805874212,1.82,3969.813094426349
550,41,0.39523095264994546,1.64,1682.0704552083973
551,42,0.8727709750014354,1.59,1765.8788998217547
552,43,0.813074588410694,1.61,1850.7789998869405
553,22,0.48073709675788484,1.94,485.19486405765554
554,34,0.613352810508134,1.58,1157.436981051513
555,51,0.7546444835154118,1.51,2602.6687131556873
556,34,0.919086468837562,1.54,1157.9523369576646
557,59,0.16754909868531292,1.98,3481.654671273669
558,50,0.18278826215750565,1.74,2500.710100557395
559,65,0.3008409533712336,1.81,4225.906618784984
560,57,0.7597605019846612,1.68,3250.6914328853695
561,59,0.39160371258224813,1.92,3482.046827355311
562,36,0.7162710466300465,1.9,1297.601976554932
563,40,0.2853419910727361,1.66,1600.8844418965507
564,56,0.06260355408552032,1.52,3136.493673744712
565,45,0.5617750342468134,1.79,2026.351790644862
566,61,0.7489962892353978,1.54,3722.6631836523406
567,63,0.21669219334157241,1.88,3969.7556244314474
568,59,0.43973941694098106,1.56,3482.1397933412804
569,27,-0.028466888162667736,1.78,729.3490544646751
570,49,0.6165811632139906,1.51,2402.4340055111747
571,41,0.0028629209279323886,2.0,1681.3704394396862
572,65,0.00818814849444005,1.76,4225.412482441333
573,27,-0.27251655047730206,1.9,728.9210376398496
574,46,0.24040284378815274,1.82,2116.802966108089
575,20,0.3006146089624596,1.89,400.8968623689469
576,61,0.6300393171224313,1.72,3722.4709068711036
577,43,1.286181564301493,1.96,1851.5603623603195
578,49,0.162623832911089,1.9,2401.6607762916096
579,53,0.8532524328955375,1.82,2810.8448104095714
580,65,0.40137062812252466,1.96,4226.056183768815
581,28,0.4900775466756404,1.57,785.2264286309163
582,56,0.2889901500527451,1.95,3136.8670484802146
583,22,0.32249217187897705,1.64,484.94679928108667
584,60,0.571155594879921,1.89,3601.3567820450066
585,31,0.4080424373241819,1.93,962.0730620855413
586,50,-0.13542769590477832,1.58,2500.164054190611
587,51,0.646413859721241,1.95,2602.4746687866514
588,60,0.44825415109189476,1.56,3601.154268389337
589,29,0.30719713831431383,1.79,841.9190082217766
590,25,1.0317724435687827,1.91,627.1367564608116
591,63,0.6907715480092671,1.68,3970.5741516636112
592,64,0.7109932756038914,1.86,4097.598578529168
593,53,0.835578301974124,1.86,2810.8103730739967
594,39,1.2922112230444593,1.96,1523.5706127801825
595,53,0.24328932903426242,1.95,2809.7893570844835
596,57,0.3466944783134023,1.72,3249.989220645128
597,56,0.2634170184211233,1.59,3136.8429980955684
598,45,1.1556019660148622,1.74,2027.3638838539523
599,62,0.06163065376334215,1.74,3844.504132623125
600,22,0.08948029173180622,1.65,484.5511177449031
601,22,0.4318709028801423,1.57,485.127477336464
602,58,0.9239970696556254,1.6,3365.9668149519143
603,57,0.5482574724900862,1.67,3250.3316778651847
604,58,1.0136310697672872,1.76,3366.1217354074965
605,25,0.2905132411548973,1.71,625.8938325119633
606,22,0.6151369806973765,1.79,485.4425059538278
607,52,0.41326876762707665,1.53,2705.0911623493544
608,41,0.603924353167851,1.64,1682.4252339892778
609,41,0.6534141141614803,1.51,1682.4966215277852
610,40,0.6700746601097931,1.71,1601.5390869241867
611,27,0.6727489412103815,1.95,730.519438425183
612,46,0.9488935973128763,1.59,2118.008308279684
613,56,0.21298649487159343,1.74,3136.761437553009
614,63,0.6935626222891144,1.84,3970.5712927903724
615,63,0.668552319428799,1.74,3970.535899454756
616,64,0.7304322472874252,1.79,4097.638507907031
617,64,0.9121069779796118,1.87,4097.9391873069535
618,41,0.9544660527302646,1.93,1683.0019822317317
619,51,0.7156276260058696,1.52,2602.6038146669766
620,39,0.9554434435184492,1.65,1523.0232551029403
621,65,0.36479140725704173,1.76,4226.018707981229
622,49,0.5521311622270028,1.77,2402.3366677699523
623,57,0.0112949132442694,1.71,3249.419161354515
624,64,0.419282770006296,1.87,4097.101386153399
625,22,0.15733676556920145,1.89,484.6532900351784
626,35,0.8160322300307348,1.95,1226.7630200161777
627,57,0.8181723280591853,1.86,3250.780782918341
628,25,0.6583289213604412,1.67,626.5187993282642
629,65,0.9276339044086046,1.56,4226.9692139699755
630,37,0.16755691763207786,1.78,1369.6822949345262
631,43,0.17210569253367924,1.91,1849.675322984052
632,56,0.2390485652810596,1.63,3136.804427355144
633,62,-0.042824898308451376,1.77,3844.325242467042
634,23,0.6066108687290355,1.6,530.427258410339
635,21,0.5842977758484735,1.93,442.37269616103265
636,51,0.4310061362935817,1.92,2602.1138114756204
637,53,0.6742553385624789,1.94,2810.5238450687234
638,35,0.5515729512085249,2.0,1226.303246491163
639,43,0.41161272381019726,1.91,1850.082484937222
640,20,0.09887141574565012,1.59,400.5632705710199
641,41,0.12810064450461828,1.97,1681.5896486135605
642,33,0.22624719480205224,1.55,1089.7757207260408
643,34,0.07016961692355145,1.62,1156.5167365233217
644,25,0.5612377503854719,1.7,626.3541041756553
645,65,0.515805984503046,1.67,4226.276510335607
646,60,0.4544243657562085,1.68,3601.1723614537814
647,24,0.545288532732991,1.87,577.3155959500342
648,44,0.6341439231319652,1.73,1937.4776848312756
649,51,0.405826702683924,1.98,2602.0597432004665
650,63,0.5889215217497153,1.67,3970.4008067489262
651,61,0.49466055470480597,1.64,3722.2394855318903
652,57,0.4144886067091429,1.9,3250.0889464070665
653,46,0.3663789216095964,1.7,2117.0228441667364
654,40,0.9562825585348463,1.74,1602.0250408612362
655,56,0.8070246542751025,1.94,3137.749552905435
656,56,0.8615707022057262,1.54,3137.8545601543906
657,28,0.4149188923615976,1.98,785.0751999229188
658,30,0.19205880579036455,1.69,900.7264599718436
659,53,0.7990128210977525,1.7,2810.7583217958663
660,55,0.9849037535235823,1.74,3027.073696892717
661,21,0.9438956389501951,1.59,442.99981175046764
662,41,0.6811334928232454,1.63,1682.5559717319659
663,34,0.31648590945721033,1.93,1156.9174159881675
664,65,0.8767751236341017,1.83,4226.883814511746
665,42,0.4316666775816832,1.66,1765.133193863616
666,64,0.4470550159863322,1.68,4097.1598335591725
667,63,0.040350944721891824,1.51,3969.454414139738
668,51,0.842698666087309,1.6,2602.8286076658483
669,60,0.08338320715878705,1.54,3600.5316414128106
670,53,0.6818008860817766,1.77,2810.5571063005054
671,54,0.3637848385443957,1.98,2916.9882720314295
672,41,0.2830414334284276,1.85,1681.8722709317055
673,39,0.9504129525144083,1.87,1523.0043074636626
674,22,0.27346431583362635,1.73,484.8645294988686
675,47,0.9381248381926957,1.54,2210.984702185568
676,41,0.6210219058574246,1.85,1682.4468377348348
677,61,0.607018568792334,1.84,3722.424167899428
678,20,-0.022944612514961382,1.66,400.3603546704516
679,54,0.26297933534512924,1.69,2916.8470248720864
680,51,0.5182475398184982,1.97,2602.252898335594
681,41,0.09419067145344612,1.58,1681.5544054151198
682,51,0.19247785797122258,1.88,2601.714460061318
683,31,0.31085427960342893,1.82,961.9227335489747
684,44,0.3965142406104017,1.59,1937.06926337329
685,23,0.5248233870975428,1.87,530.2808052024538
686,55,0.726429521091706,1.77,3026.632974980022
687,51,0.5654984566773937,1.75,2602.3603486253105
688,26,0.5651731590939155,1.73,677.3604345324111
689,33,0.5472699418613662,1.67,1090.3299990631156
690,37,0.1931699818015628,1.76,1369.726951557955
691,38,0.5411781369356787,1.62,1445.3174510073425
692,33,0.8923250308687429,1.61,1090.913725639119
693,53,0.033145183558730196,1.61,2809.453119898692
694,64,0.17227081891975277,1.57,4096.686157193732
695,24,0.09502828634068,1.68,576.5613881187749
696,64,0.4886193936924193,1.96,4097.204506670284
697,59,0.4317734146087951,1.86,3482.123904765476
698,35,0.3133121864438433,1.88,1225.9198784197213
699,23,0.644134403085185,1.93,530.4744184273351
700,43,0.770795538174663,1.58,1850.704633688546
701,30,0.1920498787456904,1.84,900.7187211263486
702,23,1.0020653547117404,1.99,531.0712468300366
703,32,0.7959793125947054,1.62,1025.7506130059628
704,43,0.9796520802667045,1.79,1851.0621816230957
705,52,0.2395321982973338,1.67,2704.806844899057
706,21,0.3751416211468169,1.92,442.01884179987087
707,53,0.1560171358860457,1.8,2809.661249064506
708,38,0.5948869392543663,1.65,1445.4103090456913
709,49,0.38469326407508675,1.94,2402.031589542095
710,36,0.08206044940793117,1.75,1296.5385040129524
711,38,0.9016500199567583,1.56,1445.9250413664074
712,52,0.27294203069828604,1.64,2704.862564041079
713,61,0.38608530919519446,1.55,3722.047445520509
714,43,0.7832396473914303,1.68,1850.7313474325613
715,54,0.6547488718281184,1.65,2917.5120743310667
716,28,0.37928403877590205,1.63,785.0428276600854
717,50,0.5566941701209628,1.78,2501.3438282637576
718,30,0.920393283373505,1.52,901.9519162845016
719,30,0.4066785898117522,1.65,901.090354851639
720,51,0.7159310074676197,1.85,2602.6081832075724
721,30,0.11628359348502953,1.92,900.5787831528459
722,23,0.10457351232234041,1.91,529.5605182776927
723,58,0.2817976540587721,1.67,3364.8786961738515
724,44,0.7906229537055087,1.97,1937.7159365392022
725,24,0.4105027800329624,1.98,577.0676925319601
726,31,0.5992325530379904,1.59,962.413884504417
727,32,0.38235714006393445,1.7,1025.0500071381089
728,39,0.05678365911752037,1.95,1521.4722974456251
729,47,0.09842860450848379,1.62,2209.5647768022163
730,22,-0.4138678561562512,1.57,483.6897214461021
731,48,0.6404595181217113,1.85,2305.4798816756843
732,31,-0.08520527610655082,1.61,961.2519241172612
733,50,0.5341563035704433,1.64,2501.306628304962
734,63,-0.276194745395851,1.91,3968.913212239572
735,40,0.406567863491921,1.91,1601.073908674681
736,37,0.6384136926347398,1.95,1370.4610685026046
737,39,0.5932159207217839,1.6,1522.4044869987267
738,60,0.5747411473741603,1.67,3601.3767001124875
739,24,0.1613503644125524,1.83,576.667592421069
740,25,0.7197045554580239,1.95,626.5992629694041
741,20,0.4841901950190408,1.7,401.22312333153235
742,63,0.025729451747564525,1.73,3969.4433802299222
743,60,0.7555288220689818,1.56,3601.676635329998
744,40,0.813860435548835,1.63,1601.7816075345993
745,38,1.0508520469267164,1.55,1446.1775489746526
746,39,0.6840281257187074,1.7,1522.5628478137219
747,54,0.9332989787455115,1.88,2917.973855966634
748,53,0.7165423666538457,1.55,2810.6092225181887
749,41,0.3423557234555026,1.98,1681.9518425357785
750,50,0.2430760814335079,1.84,2500.805465670918
751,47,0.2584389343019382,1.65,2209.838347437272
752,41,0.18413384990144938,2.0,1681.678600018941
753,45,0.0408740284529614,1.95,2025.4452510734955
754,35,0.7635314372912738,1.94,1226.6756144365622
755,42,0.2535572912491064,1.93,1764.8104373372137
756,28,0.5318268616108273,1.82,785.2983869383874
757,31,0.047273160956646354,1.85,961.4714648685036
758,53,0.43194920215931704,1.69,2810.1342736456704
759,55,-0.21788688377633292,1.81,3025.0247814618324
760,32,0.5366470905938926,1.58,1025.3065813276587
761,37,0.2038368447023522,1.98,1369.7163604418981
762,29,0.11402323933271957,1.61,841.5906125935079
763,35,0.43495870883765336,1.85,1226.1305302999012
764,40,0.8501410641763584,1.91,1601.8279831158445
765,50,0.8521558851023487,1.54,2501.8385549653144
766,30,0.21161870606791694,1.66,900.7591123120426
767,64,0.3072453315348596,1.87,4096.910922507997
768,33,0.17295514196722023,1.86,1089.683913701985
769,26,0.9600102504237034,1.98,678.0018552316244
770,31,0.5984478479775451,1.76,962.4159239304543
771,23,0.22080494831649888,1.8,529.7713883456378
772,55,0.24845151925325615,1.85,3025.813468077608
773,47,0.23117760026597667,1.79,2209.7897750070942
774,51,0.15630387762000952,1.71,2601.665676593954
775,55,-0.12763846892910624,1.58,3025.1772958764695
776,61,0.11607059197574637,1.63,3721.595364800525
777,52,0.6787944245746929,1.8,2705.5499704552767
778,22,0.5383124613817589,1.71,485.3150911863489
779,42,0.833716920650104,1.9,1765.8016345407661
780,36,0.6870060483676051,1.8,1297.5639302157247
781,36,0.48926376798857507,1.6,1297.2277683390803
782,65,0.05243467078092778,1.99,4225.456874667354
783,49,0.5485216381956592,1.61,2402.329259871575
784,55,0.6246160845915211,1.78,3026.4592955183575
785,46,0.3517050345695481,1.87,2116.9865040031564
786,51,0.43111878455087804,1.53,2602.121507378125
787,52,0.18650549603290656,1.69,2704.7170193452557
788,61,0.24269848221991352,1.97,3721.7844649376766
789,26,0.6578381729987065,1.89,677.5041424278085
790,39,0.10469105197764655,1.58,1521.572256062011
791,29,0.8740258219135999,1.79,842.8826169838954
792,43,0.7378385354977784,1.57,1850.647622311914
793,35,0.6763447694010819,1.57,1226.5430829095494
794,40,0.7364307819144256,1.9,1601.6362481049155
795,54,0.32963995808562097,1.9,2916.9447037044065
796,22,0.27932252244732864,1.54,484.8647382488012
797,47,0.6778044491480149,1.57,2210.5455643651194
798,59,0.6210199179104715,1.84,3482.4479701929286
799,23,0.31217452256612277,1.82,529.9249779620113
800,44,0.0920083602545505,1.91,1936.5391575191775
801,43,0.6942482033885887,1.86,1850.5701119064013
802,38,0.7289437668101114,1.87,1445.6278098479652
803,42,0.26204695991835925,1.72,1764.845319863857
804,26,0.4954844847155358,1.72,677.2421636560122
805,58,0.008128812491482784,1.92,3364.394920025157
806,57,0.7281529195869447,1.51,3250.623677497009
807,45,0.8631677814629973,1.87,2026.8559906728751
808,31,0.5124798790965712,1.8,962.2672357279639
809,55,0.4842173872210943,1.86,3026.2130595189165
810,24,0.6154749497559855,1.92,577.4274084585064
811,61,0.8961395009312679,1.97,3722.8953146694857
812,38,0.48913408469614933,1.81,1445.2267171082358
813,65,0.72203348091073,1.84,4226.619693250029
814,64,0.19758795521250916,1.94,4096.713510517028
815,63,0.5183708598544917,1.75,3970.2802317107116
816,58,0.5931907983783062,1.52,3365.39567206001
817,25,0.42167906100033287,1.77,626.114899197867
818,22,0.8696709920001044,1.57,485.8717374879679
819,41,0.8904975723860675,1.92,1682.8949469169777
820,43,0.5327454025015609,1.65,1850.3046684332116
821,31,0.5869718397126745,1.86,962.3877420881523
822,52,1.030981738270976,1.83,2706.1459657566284
823,31,0.2781902188857064,1.88,961.8601710748724
824,41,0.3109231218331081,1.79,1681.9253423937585
825,61,0.48331303587481744,1.95,3722.1973973861122
826,45,0.6152655615374042,1.68,2026.4457914866093
827,28,0.6426983341393132,1.89,785.4784047017475
828,63,0.6113486177000146,1.54,3970.4291826107305
829,24,0.04980882046538082,1.51,576.4704925285018
830,29,1.3289337487003738,1.68,843.6590274047863
831,52,0.6385442209685036,1.69,2705.4854851776463
832,33,0.5527631884513161,1.92,1090.3207984642886
833,49,0.5171098536962953,1.85,2402.270187246161
834,37,0.7076985863021275,1.53,1370.5916930411017
835,38,1.3111305025607671,1.91,1446.611665161098
836,39,0.456589177995591,1.99,1522.1439373296191
837,42,0.3107399432549047,1.92,1764.9093589474546
838,27,0.4890574354971519,1.99,730.1991333673717
839,24,0.4343892886598769,1.6,577.1344817242215
840,35,0.3563074562271874,1.89,1225.991540209297
841,22,0.6184572059853825,1.63,485.4494220443415
842,61,0.5700783167776879,1.91,3722.351876445267
843,37,0.8191051183734455,1.72,1370.7923187332308
844,34,0.2520273161471355,1.58,1156.822727711099
845,39,0.28774584319012875,1.89,1521.874985467134
846,33,-0.0716521617601239,1.67,1089.277831486959
847,22,0.11206782836386753,1.71,484.5904753102185
848,20,-0.05183716426169149,1.68,400.31171685275086
849,61,0.3834978773461912,1.55,3722.0430468863656
850,32,0.39247473764155183,1.73,1025.066847215942
851,53,0.08887315021007897,1.59,2809.5462735196093
852,30,0.5732946577339275,1.9,901.3589166938086
853,44,0.721453429211373,1.81,1937.6216599939116
854,64,0.2750135779243854,1.78,4096.864971257023
855,57,0.6026313387130278,1.61,3250.421246362454
856,20,0.7403575512542028,1.92,401.6397088810534
857,26,0.8254984736886186,1.6,677.7993673387704
858,40,0.3551820502422742,1.96,1600.9776631864188
859,21,0.8598113960177096,1.76,442.8602419621225
860,62,0.6005058740646616,1.57,3845.4141567874776
861,30,0.4480444354807367,1.73,901.1613157022687
862,20,0.6938191939833718,1.6,401.5755125632714
863,27,0.4558818216154963,1.75,730.1740003457053
864,29,1.008696397699844,1.9,843.0990996517507
865,61,0.005578234043949248,1.77,3721.407527792041
866,52,0.3900847600205986,1.86,2705.0530340526757
867,50,0.44816849142909254,1.96,2501.1357401364367
868,33,0.8704742770013507,1.96,1090.8536599719093
869,51,0.6577317300735933,1.98,2602.487981747029
870,56,0.2138013706624316,1.76,3136.762024919018
871,48,0.4785324326817035,1.65,2305.212506384518
872,61,1.0899480239473012,1.7,3723.2529116407104
873,51,0.42535521848441815,1.53,2602.111709315812
874,31,1.1961535098434157,1.87,963.4220664111219
875,36,0.6235455198688332,1.9,1297.444343159438
876,48,0.17556523545529878,1.83,2304.691757701842
877,65,0.2942549876034118,1.75,4225.899234727885
878,43,0.871986811872973,1.94,1850.859988573351
879,35,0.807143652141266,1.62,1226.7695923831918
880,52,0.33969129635214323,1.58,2704.971756477448
881,32,0.5914629422041592,1.7,1025.4054870017471
882,52,0.6532482004663344,1.53,2705.499127385181
883,30,0.7290925920840771,1.75,901.6384586555018
884,61,0.044314009279092015,1.6,3721.471353749274
885,38,0.4684758413112833,1.82,1445.1906902038784
886,38,0.9085104440484519,1.94,1445.9220787480494
887,55,0.8113903274196214,1.7,3026.7793635566136
888,33,0.8838151020945351,1.57,1090.8957824751283
889,29,0.3767723973665453,1.82,842.0347943491721
890,25,0.9703304234036649,1.97,627.021439237689
891,62,0.4973688120843558,1.8,3845.2415469140433
892,34,0.05614714609289978,1.92,1156.4765511922792
893,51,0.3996418232767437,1.81,2602.0745802638226
894,56,0.19086788853439346,1.99,3136.692211137535
895,57,0.3655937273720361,1.56,3250.0137456690136
896,47,0.36250100786559797,1.84,2210.0084880458526
897,43,0.047441084666192956,1.88,1849.4678975466993
898,37,0.25135835825890085,1.84,1369.8195455415212
899,49,0.2265325572628894,1.69,2401.7850653493465
900,42,0.350289498567092,1.58,1764.9897734212132
901,41,0.567561737573287,1.59,1682.360044118127
902,31,0.041098037704251966,1.95,961.4456318892227
903,47,0.7875036328628766,1.83,2210.7320529774347
904,23,-0.05939467490243788,1.65,529.2980303016247
905,64,0.5833050983717585,1.59,4097.3868078314845
906,34,0.6104397015146503,1.79,1157.4345205792172
907,63,0.9005923408843238,1.95,3970.9067722046284
908,41,0.618739881606744,1.74,1682.4512183104584
909,23,0.9772540464759151,1.79,531.0581049656513
910,52,0.3040527385506939,1.99,2704.8846253825627
911,56,0.7298792506915688,1.8,3137.6368146596756
912,65,0.7735340571906362,1.54,4226.704897857865
913,27,0.7638631336922828,1.74,730.6979278390039
914,40,0.6197925231004091,1.54,1601.4435372499113
915,23,0.6463056124778243,1.73,530.4983597031637
916,53,0.2837527142851098,1.65,2809.8813808632435
917,48,0.8230999212365506,1.97,2305.771147384005
918,36,0.8714483585057546,1.67,1297.881102371411
919,41,0.9696491099068821,1.96,1683.0222571878487
920,39,0.5815717607731536,1.54,1522.3785619539549
921,38,0.6545942489717169,1.78,1445.5102583978037
922,35,0.03488242093755267,1.8,1225.4553200490936
923,24,1.1019263028450204,1.83,578.2665715164042
924,58,0.07900558140436476,1.55,3364.5254099832646
925,27,0.5653011939525484,1.94,730.3386230228864
926,36,0.46681440703926,1.9,1297.1779002676278
927,20,0.4181846738901477,1.69,401.1108739476132
928,34,0.33697765916509004,1.74,1156.9722225323078
929,49,0.8027999058451087,1.99,2402.7324955669633
930,32,0.40210986040653984,1.82,1025.0778680363403
931,41,0.195666678206378,1.7,1681.7326333529509
932,39,0.26565601742712686,1.97,1521.823492747529
933,64,0.22135760791994358,1.65,4096.775309182423
934,64,0.3228511117523712,1.81,4096.944036054232
935,36,0.2749821068220871,1.65,1296.8664708305564
936,63,-0.30995487602855065,1.53,3968.86168215514
937,61,0.5760345594835992,1.73,3722.3788989130735
938,52,0.4404703744742676,1.64,2705.1473622254985
939,33,0.9758841083178204,1.91,1091.041746290885
940,52,0.37797420979070195,1.89,2705.0283736903552
941,65,0.561946546504688,1.8,4226.351329062558
942,22,0.5185883485549985,1.53,485.2702056369316
943,44,0.41203043392212124,1.69,1937.1004117396676
944,35,0.599454288146131,1.94,1226.3966832830156
945,38,0.532999189728015,1.92,1445.287199666459
946,39,0.609904235374913,1.96,1522.4106909011443
947,46,0.6657914460542345,1.68,2117.5316854902876
948,23,0.5647517386140407,1.55,530.3511784505213
949,38,0.2604628805015675,1.68,1444.8426269288484
950,48,0.40471110233611746,1.79,2305.0847819606133
951,32,0.7703001837463943,1.76,1025.7080729012614
952,56,0.5811564053940542,1.83,3137.381262690738
953,29,0.8712057759156184,1.51,842.8668673527673
954,26,0.9004382165173046,1.86,677.9206349287201
955,33,0.8016901814970201,1.81,1090.7580624727973
956,63,0.02822313683167882,1.74,3969.447339844341
957,36,0.3850600227876285,1.65,1297.0536032876978
958,39,0.5546508542834107,1.71,1522.3428664542816
959,58,0.3467745243822547,1.71,3364.9894766934494
960,28,0.7447130827987467,1.94,785.6436232339249
961,33,0.48540956310384753,1.55,1090.2162967521538
962,61,0.5617222004086252,1.69,3722.3548877426942
963,40,0.5938247143047894,1.64,1601.4080646032105
964,20,0.9151668299208282,1.58,401.9500648845144
965,60,0.6847005661478163,1.99,3601.531726689478
966,64,0.47343983750711505,1.99,4097.172583450788
967,52,0.3567250932676723,1.83,2704.999729460123
968,37,0.7028210810771437,1.77,1370.5928406319974
969,49,0.3339808777257762,1.99,2401.9355032191606
970,65,1.0811114414793033,1.74,4227.237249962242
971,43,0.17254495525615215,1.96,1849.6671801249424
972,40,0.061682096154946464,1.88,1600.49210726623
973,38,0.9163382934140978,1.87,1445.946380543192
974,54,0.35119904629875853,1.56,2916.989274711189
975,37,0.5780905696809826,1.63,1370.380798762624
976,24,0.5682166978370239,1.7,577.365968386323
977,52,0.4244309067107196,1.99,2705.089268268435
978,32,1.0122946901054537,1.72,1026.1207410051752
979,41,0.7709159967654344,1.89,1682.6963747282118
980,45,0.24949153743996638,1.97,2025.7960131315506
981,44,0.12873622729744932,1.54,1936.6087415470463
982,37,0.353315297454074,1.84,1369.992872338153
983,46,0.5600464248283304,1.76,2117.3506415111005
984,60,0.5035518938828819,1.99,3601.2237739466277
985,64,0.30919761807372925,1.55,4096.916736445603
986,35,1.068374981529351,1.55,1227.2073379634771
987,61,0.9019916080513535,1.66,3722.9327462454144
988,44,0.19355772703841828,1.81,1936.7242373002177
989,64,0.7470543019028126,1.89,4097.655809846946
990,34,0.7843436496648237,1.93,1157.7127741465204
991,64,0.47664822504091775,1.79,4097.207075069212
992,24,0.5252078102710576,1.63,577.2908980716271
993,21,0.5343534143934038,1.51,442.2942183381795
994,30,0.43026811227147804,1.79,901.1282288775038
995,65,0.5966673821616003,1.7,4226.414334549674
996,51,0.4417933205550015,1.98,2602.1208864508476
997,31,0.453994818994784,1.79,962.1685642789334
998,21,0.5376026997351737,1.55,442.30502508442714
999,59,0.3636639914627465,1.72,3482.0180688174823
